{
  "config": {
    "episodes": 3,
    "episode_length": 100,
    "inference_samples": 1000
  },
  "init_time_s": 72.23320527403848,
  "tick_stats_ms": {
    "parallel_decide": {
      "mean": 30.613800247665495,
      "std": 3.779211119088668,
      "count": 3
    },
    "serial_execute": {
      "mean": 20.97091742461392,
      "std": 0.9858694664656343,
      "count": 3
    },
    "market_state": {
      "mean": 0.3111747048872833,
      "std": 0.018330539042566735,
      "count": 3
    },
    "liquidation_check": {
      "mean": 7.38004242167032,
      "std": 0.618251771441844,
      "count": 3
    },
    "other": {
      "mean": 3.4157768906637407,
      "std": 0.4410144244024275,
      "count": 3
    },
    "total": {
      "mean": 62.692728210046575,
      "std": 5.801181872336271,
      "count": 3
    }
  },
  "evolution_stats_s": {
    "neat_run": {
      "RETAIL": {
        "mean": 26.324376617694117,
        "std": 1.001713005106438,
        "count": 3
      },
      "RETAIL_PRO": {
        "mean": 2.5383458153616325,
        "std": 0.2004511249873054,
        "count": 3
      },
      "WHALE": {
        "mean": 2.7769775226867446,
        "std": 0.12110399727948515,
        "count": 3
      },
      "MARKET_MAKER": {
        "mean": 11.118624503646666,
        "std": 0.3530881388267295,
        "count": 3
      }
    },
    "create_agents": {
      "RETAIL": {
        "mean": 9.97482481612436,
        "std": 0.05051837766709005,
        "count": 3
      },
      "RETAIL_PRO": {
        "mean": 2.179093485678701,
        "std": 0.02164015734245227,
        "count": 3
      },
      "WHALE": {
        "mean": 2.144157537006928,
        "std": 0.13800934819578023,
        "count": 3
      },
      "MARKET_MAKER": {
        "mean": 9.284549530983591,
        "std": 0.16987759655659065,
        "count": 3
      }
    },
    "evaluate": {
      "RETAIL": {
        "mean": 0.008171502694798013,
        "std": 0.0005636792013542945,
        "count": 3
      },
      "RETAIL_PRO": {
        "mean": 0.0002977136561336617,
        "std": 3.203174136754164e-05,
        "count": 3
      },
      "WHALE": {
        "mean": 0.0002284769822532932,
        "std": 1.2740367475206231e-05,
        "count": 3
      },
      "MARKET_MAKER": {
        "mean": 0.00029953000678991276,
        "std": 2.289554229597653e-05,
        "count": 3
      }
    },
    "cleanup": {
      "RETAIL": {
        "mean": 0.0449760826692606,
        "std": 0.0009937897900125984,
        "count": 3
      },
      "RETAIL_PRO": {
        "mean": 5.937733016345494,
        "std": 0.6347843507858929,
        "count": 3
      },
      "WHALE": {
        "mean": 6.065011299001829,
        "std": 0.8080420715555954,
        "count": 3
      },
      "MARKET_MAKER": {
        "mean": 5.97587038500933,
        "std": 0.6652016213710463,
        "count": 3
      }
    }
  },
  "inference_stats_us": {
    "mean": 7.699317065998912,
    "std": 4.944751204240754,
    "p50": 6.779999239370227,
    "p95": 11.048500891774877,
    "p99": 25.305760209448632,
    "count": 1000
  }
}