{
  "config": {
    "episodes": 3,
    "episode_length": 50,
    "inference_samples": 1000
  },
  "init_time_s": 57.09665801504161,
  "tick_stats_ms": {
    "parallel_decide": {
      "mean": 27.18497978639789,
      "std": 2.1389158614801844,
      "count": 3
    },
    "serial_execute": {
      "mean": 18.561484599485993,
      "std": 0.4468263970135552,
      "count": 3
    },
    "market_state": {
      "mean": 0.28116312886898714,
      "std": 0.0038434913813918175,
      "count": 3
    },
    "liquidation_check": {
      "mean": 6.087157097257053,
      "std": 0.091884222133652,
      "count": 3
    },
    "other": {
      "mean": 2.82644719700329,
      "std": 0.20294178561358442,
      "count": 3
    },
    "total": {
      "mean": 54.94208399982502,
      "std": 2.8818556040688525,
      "count": 3
    }
  },
  "evolution_stats_s": {
    "neat_run": {
      "RETAIL": {
        "mean": 24.4685219033272,
        "std": 0.6772634517976647,
        "count": 3
      },
      "RETAIL_PRO": {
        "mean": 2.1744752200126336,
        "std": 0.038805533547867296,
        "count": 3
      },
      "WHALE": {
        "mean": 2.2346232849910543,
        "std": 0.039154164451287846,
        "count": 3
      },
      "MARKET_MAKER": {
        "mean": 9.200365129994074,
        "std": 0.19588563345735344,
        "count": 3
      }
    },
    "create_agents": {
      "RETAIL": {
        "mean": 9.316258318334198,
        "std": 0.07555582340858034,
        "count": 3
      },
      "RETAIL_PRO": {
        "mean": 1.8109388913338382,
        "std": 0.10622671043780588,
        "count": 3
      },
      "WHALE": {
        "mean": 1.7952846110177536,
        "std": 0.04070980256372459,
        "count": 3
      },
      "MARKET_MAKER": {
        "mean": 7.267849713660932,
        "std": 0.23589303924693855,
        "count": 3
      }
    },
    "evaluate": {
      "RETAIL": {
        "mean": 0.006898604682646692,
        "std": 0.00031771526228368895,
        "count": 3
      },
      "RETAIL_PRO": {
        "mean": 0.0008575103323285779,
        "std": 0.00026812040266783045,
        "count": 3
      },
      "WHALE": {
        "mean": 0.00022849999368190765,
        "std": 9.080271283141304e-06,
        "count": 3
      },
      "MARKET_MAKER": {
        "mean": 0.00029453398504604894,
        "std": 1.5602526491483356e-05,
        "count": 3
      }
    },
    "cleanup": {
      "RETAIL": {
        "mean": 4.9470179760052515,
        "std": 0.46433103952689525,
        "count": 3
      },
      "RETAIL_PRO": {
        "mean": 4.729907022323459,
        "std": 0.7770518913265699,
        "count": 3
      },
      "WHALE": {
        "mean": 4.760211888661918,
        "std": 0.7280524559090286,
        "count": 3
      },
      "MARKET_MAKER": {
        "mean": 4.821185108351831,
        "std": 0.5620582292440441,
        "count": 3
      }
    }
  },
  "inference_stats_us": {
    "mean": 6.884726462885737,
    "std": 2.8781748737277355,
    "p50": 6.319984095171094,
    "p95": 9.668030543252817,
    "p99": 22.991789155639708,
    "count": 1000
  }
}