{
  "config": {
    "episodes": 3,
    "episode_length": 50,
    "inference_samples": 1000
  },
  "init_time_s": 65.0466277670348,
  "tick_stats_ms": {
    "parallel_decide": {
      "mean": 27.589875394866493,
      "std": 3.1331689525759026,
      "count": 3
    },
    "serial_execute": {
      "mean": 18.556941599429894,
      "std": 0.12854381232818995,
      "count": 3
    },
    "market_state": {
      "mean": 0.280629606374229,
      "std": 0.002579239371777997,
      "count": 3
    },
    "liquidation_check": {
      "mean": 5.902349468475829,
      "std": 0.32879710245030075,
      "count": 3
    },
    "other": {
      "mean": 2.8013315913267434,
      "std": 0.2701556432210283,
      "count": 3
    },
    "total": {
      "mean": 55.13197445970339,
      "std": 3.8478465424490436,
      "count": 3
    }
  },
  "evolution_stats_s": {
    "neat_run": {
      "RETAIL": {
        "mean": 22.155886808701325,
        "std": 0.9076007508382601,
        "count": 3
      },
      "RETAIL_PRO": {
        "mean": 2.141573791683186,
        "std": 0.02770300814818083,
        "count": 3
      },
      "WHALE": {
        "mean": 2.146913531682609,
        "std": 0.03295079473264187,
        "count": 3
      },
      "MARKET_MAKER": {
        "mean": 8.569783175674578,
        "std": 0.03354759379977287,
        "count": 3
      }
    },
    "create_agents": {
      "RETAIL": {
        "mean": 10.523635258665308,
        "std": 1.3538580868772678,
        "count": 3
      },
      "RETAIL_PRO": {
        "mean": 1.7748858109892656,
        "std": 0.06741155271684848,
        "count": 3
      },
      "WHALE": {
        "mean": 1.8540875960025005,
        "std": 0.02784922863099545,
        "count": 3
      },
      "MARKET_MAKER": {
        "mean": 7.516664904348242,
        "std": 0.14708208506175932,
        "count": 3
      }
    },
    "evaluate": {
      "RETAIL": {
        "mean": 0.007881492318119854,
        "std": 0.0007337310104881908,
        "count": 3
      },
      "RETAIL_PRO": {
        "mean": 0.00026716000866144896,
        "std": 2.4471411780747084e-05,
        "count": 3
      },
      "WHALE": {
        "mean": 0.00021450999580944577,
        "std": 9.887279934424735e-06,
        "count": 3
      },
      "MARKET_MAKER": {
        "mean": 0.00028660033907120425,
        "std": 3.5842806269315943e-06,
        "count": 3
      }
    },
    "cleanup": {
      "RETAIL": {
        "mean": 0.042697195700990655,
        "std": 0.00044398009746174236,
        "count": 3
      },
      "RETAIL_PRO": {
        "mean": 5.205703663348686,
        "std": 0.7794717928882903,
        "count": 3
      },
      "WHALE": {
        "mean": 5.294173836979705,
        "std": 0.7334547106088365,
        "count": 3
      },
      "MARKET_MAKER": {
        "mean": 5.373132751323283,
        "std": 0.7830759731485988,
        "count": 3
      }
    }
  },
  "inference_stats_us": {
    "mean": 7.033812697045505,
    "std": 3.737172311475334,
    "p50": 6.369955372065306,
    "p95": 10.088545968756062,
    "p99": 24.080485454760492,
    "count": 1000
  }
}