{
  "config": {
    "episodes": 3,
    "episode_length": 50,
    "inference_samples": 1000
  },
  "init_time_s": 57.44063498801552,
  "tick_stats_ms": {
    "parallel_decide": {
      "mean": 331.81447447743267,
      "std": 21.37163048938295,
      "count": 3
    },
    "serial_execute": {
      "mean": 111.01699922796494,
      "std": 31.334178404076987,
      "count": 3
    },
    "market_state": {
      "mean": 0.30320056636507314,
      "std": 0.009810306719301025,
      "count": 3
    },
    "liquidation_check": {
      "mean": 7.876698666562636,
      "std": 0.33312241580946583,
      "count": 3
    },
    "other": {
      "mean": 6.106055522104725,
      "std": 0.18330231954879586,
      "count": 3
    },
    "total": {
      "mean": 457.12653968677233,
      "std": 11.476549448712795,
      "count": 3
    }
  },
  "evolution_stats_s": {
    "neat_run": {
      "RETAIL": {
        "mean": 27.268808841336675,
        "std": 1.398870014442686,
        "count": 3
      },
      "RETAIL_PRO": {
        "mean": 2.5397019123386904,
        "std": 0.16664306533232368,
        "count": 3
      },
      "WHALE": {
        "mean": 2.590266248337381,
        "std": 0.06305809756467576,
        "count": 3
      },
      "MARKET_MAKER": {
        "mean": 11.082027710333932,
        "std": 0.4165524067938647,
        "count": 3
      }
    },
    "create_agents": {
      "RETAIL": {
        "mean": 9.821625634659236,
        "std": 0.11437746250138148,
        "count": 3
      },
      "RETAIL_PRO": {
        "mean": 2.043596294669745,
        "std": 0.01940711801382342,
        "count": 3
      },
      "WHALE": {
        "mean": 1.9627737893412511,
        "std": 0.09691377829646808,
        "count": 3
      },
      "MARKET_MAKER": {
        "mean": 8.102336400013883,
        "std": 0.2652960915087546,
        "count": 3
      }
    },
    "evaluate": {
      "RETAIL": {
        "mean": 0.009595793002517894,
        "std": 0.0005574292752531589,
        "count": 3
      },
      "RETAIL_PRO": {
        "mean": 0.0012125510062711935,
        "std": 4.9985263065220184e-05,
        "count": 3
      },
      "WHALE": {
        "mean": 0.0002570536744315177,
        "std": 4.272613631451833e-05,
        "count": 3
      },
      "MARKET_MAKER": {
        "mean": 0.0003286433347966522,
        "std": 9.847695719030113e-06,
        "count": 3
      }
    },
    "cleanup": {
      "RETAIL": {
        "mean": 5.779882597998949,
        "std": 0.7658869109426183,
        "count": 3
      },
      "RETAIL_PRO": {
        "mean": 6.0109038806695025,
        "std": 1.3338589035793327,
        "count": 3
      },
      "WHALE": {
        "mean": 6.088239566995374,
        "std": 1.3333689538034874,
        "count": 3
      },
      "MARKET_MAKER": {
        "mean": 5.841639897999509,
        "std": 1.0981811897343887,
        "count": 3
      }
    }
  },
  "inference_stats_us": {
    "mean": 8.181221201084554,
    "std": 3.782393706159816,
    "p50": 7.189999450929463,
    "p95": 11.40249951276928,
    "p99": 29.511974425986406,
    "count": 1000
  }
}